"Bug ID","Product","Component","Assignee","Status","Resolution","Summary","Changed"
457738,"Ice","Core","ice-inbox","UNCONFIRMED"," ---","OutputStream open in EMFComponent.save(File saveFile) causes errors on connsecutive saves","2015-01-16 13:54:48"
459717,"Ice","Core","ice-inbox","UNCONFIRMED"," ---","Updates to VisIt visualization service in ICE","2015-07-24 12:31:50"
471049,"Ice","Core","ice-inbox","UNCONFIRMED"," ---","NatTable does not reload properly","2015-06-25 16:09:50"
471324,"Ice","Core","ice-inbox","UNCONFIRMED"," ---","Mesh Editor is Unstable","2015-06-29 11:03:43"
471339,"Ice","Core","ice-inbox","UNCONFIRMED"," ---","Mesh Editor Edges vanish while scrolling","2015-06-29 11:24:34"
471342,"Ice","Core","ice-inbox","UNCONFIRMED"," ---","Holes may appear in vertices","2015-06-29 11:48:38"
471343,"Ice","Core","ice-inbox","UNCONFIRMED"," ---","Mesh Editor Vertices may become unable to be selected","2015-06-29 11:37:13"
471370,"Ice","Core","ice-inbox","UNCONFIRMED"," ---","Feature request: add scripting to ICE","2015-06-29 16:04:03"
471454,"Ice","Core","ice-inbox","UNCONFIRMED"," ---","Reflectivity model NatTable does not reload","2015-06-30 11:12:14"
471457,"Ice","Core","ice-inbox","UNCONFIRMED"," ---","Reflectivity model Output files are not unique!","2015-06-30 11:14:42"
472092,"Ice","Core","ice-inbox","UNCONFIRMED"," ---","UI Toolbar Errors In Windows","2015-07-24 11:42:43"
478472,"Ice","General","ice-inbox","UNCONFIRMED"," ---","Transform ICE client OSGi services into extensions(IReactorEditorRegistry)","2015-09-26 16:34:33"
478473,"Ice","Core","ice-inbox","UNCONFIRMED"," ---","PersistenceProvider, IReader, and IWriter should use extension point","2015-09-26 16:14:59"
478474,"Ice","Core","ice-inbox","UNCONFIRMED"," ---","Transform OSGi services into extensions","2015-09-26 16:15:45"
478475,"Ice","Core","ice-inbox","UNCONFIRMED"," ---","Transform OSGi services into extensions(IVizServiceFactory)","2015-09-26 16:37:22"
479178,"Ice","Core","ice-inbox","UNCONFIRMED"," ---","Extension points and extensions for Reactor","2015-10-06 16:07:54"
479223,"Ice","Core","ice-inbox","UNCONFIRMED"," ---","Transform OSGi services into extensions","2015-10-27 02:31:47"
480538,"Ice","Core","ice-inbox","UNCONFIRMED"," ---","VisIt connection breaks with Moose","2015-10-23 15:06:58"
481365,"Ice","Core","ice-inbox","UNCONFIRMED"," ---","ICEFormEditor should use Extension Registry providers","2015-12-02 03:28:53"
481957,"Ice","General","ice-inbox","UNCONFIRMED"," ---","Python script doesn't check if 'Applications' folder exists","2015-11-11 15:14:27"
482456,"Ice","Core","ice-inbox","UNCONFIRMED"," ---","add extension point and Geometry page provider","2015-12-02 02:06:16"
483434,"Ice","Core","ice-inbox","UNCONFIRMED"," ---","Add extension point for IEMFSection page providers.","2015-12-02 03:01:08"
494835,"Ice","Core","ice-inbox","UNCONFIRMED"," ---","TheTrainerBot","2016-05-28 16:59:43"
561072,"IoFog","General","iofog-inbox","UNCONFIRMED"," ---","Podman should be supported alongside Docker","2020-03-12 13:25:04"
581663,"Jakartaee-stable","General","jakartaee-stable-inbox","UNCONFIRMED"," ---","XJC tool: XML element declared with minOccurs=""0"" not annotated with required=""false""","2023-03-13 16:14:31"
581797,"Jakartaee-stable","General","jakartaee-stable-inbox","UNCONFIRMED"," ---","CriteriaQuery gives wrong result","2023-04-10 03:52:39"
581863,"Jakartaee-stable","General","jakartaee-stable-inbox","UNCONFIRMED"," ---","application.properties value not taken specifically server.port","2023-04-26 07:15:25"
581988,"Jakartaee-stable","General","jakartaee-stable-inbox","UNCONFIRMED"," ---","Error While Running  Jakarta EE 10 on Eclipse IDE","2023-05-27 07:07:03"
582038,"Jakartaee-stable","General","jakartaee-stable-inbox","UNCONFIRMED"," ---","Improper Output Neutralization for Logs CWE ID 117","2023-06-06 16:19:03"
470840,"Ice","Core","jordan.deyton","UNCONFIRMED"," ---","Java 8 File selection button for Entries on Data Components do not update in UI.","2015-06-23 17:07:31"
456120,"Ice","General","amccaskey2223","NEW"," ---","EMFComponentTester does not actually test XML persistence","2014-12-23 22:47:23"
468382,"Ice","Core","amccaskey2223","NEW"," ---","MOOSE Bug Fixes and Improvements","2015-07-27 15:20:59"
468396,"Ice","Core","amccaskey2223","NEW"," ---","Investigate Sharing Emitters/Parsers for MOOSE YAML Between ICE/MOOSE/Peacock","2015-05-26 15:46:45"
468398,"Ice","Core","amccaskey2223","NEW"," ---","Investigate Import File and Parameter Display Bug","2015-05-26 15:52:46"
470740,"Ice","Core","amccaskey2223","NEW"," ---","Entry missing test for AllowedValueType.File","2015-09-11 11:55:21"
472070,"Ice","Core","amccaskey2223","NEW"," ---","Investigate new IExtraInfoWidget that uses PTP Remote Connection UI","2015-07-08 08:44:45"
473688,"Ice","Core","amccaskey2223","NEW"," ---","MOOSE Workflow bug - Wrong value used for host when making connection","2015-07-27 15:20:59"
480595,"Ice","Core","amccaskey2223","NEW"," ---","Creating two of the same project writes the same file","2015-10-25 17:01:05"
481425,"Ice","Core","amccaskey2223","NEW"," ---","The Create Item Wizard should provide a Item Name Text Widget","2015-11-04 11:01:51"
481542,"Ice","Core","amccaskey2223","NEW"," ---","Loading Empty Moose Item XML File, Setting the App, Save - Fails to display TreeComposite","2015-11-05 15:17:21"
460850,"Ice","General","bennettar","NEW"," ---","When caebat launcher is used multiple times the console does not update","2015-02-25 14:10:09"
227058,"Incubator","e4","eclipse.e4-inbox","NEW"," ---","[multi-lingual plug-ins] some ideas, a javascript prototype","2019-09-06 16:09:16"
579764,"Incubator","e4","eclipse.e4-inbox","NEW"," ---","dbus:getting incorrect data from eclipse/dbeaver (permissive=1\n)/(AUDIT_FIELD_PERMISSIVE"":""1\n"")","2022-04-26 07:13:42"
580322,"Incubator","e4","eclipse.e4-inbox","NEW"," ---","The menus don't work on Mac OS Ventura 13.0 Beta","2022-07-14 04:24:52"
580841,"Incubator","e4","eclipse.e4-inbox","NEW"," ---","Eclipse installer don't work in Windows 10 (catalog could not be loaded)","2022-09-30 06:12:37"
580961,"Incubator","e4","eclipse.e4-inbox","NEW"," ---","No response when loading","2022-10-30 11:09:30"
581022,"Incubator","e4","eclipse.e4-inbox","NEW"," ---","C/C++ text background color","2022-11-09 17:13:28"
581031,"Incubator","e4","eclipse.e4-inbox","NEW"," ---","Eclipse on Ubuntu: 7 second startup delay when executing system commands","2022-11-10 17:37:56"
581032,"Incubator","e4","eclipse.e4-inbox","NEW"," ---","not working on ios version 13.0.1","2022-11-10 17:48:55"
581040,"Incubator","e4","eclipse.e4-inbox","NEW"," ---","Unable to open spring STS after installing Scala plugin","2022-11-11 07:49:04"
581041,"Incubator","e4","eclipse.e4-inbox","NEW"," ---","Eclipse with JBoss/Redhat running with Mac Ventura OS update crashes","2022-11-11 12:11:36"
581043,"Incubator","e4","eclipse.e4-inbox","NEW"," ---","Error while launching Debug Configurations, command: arm-none-eabi-gdb –version","2022-11-11 18:02:41"
581044,"Incubator","e4","eclipse.e4-inbox","NEW"," ---","Error while launching Debug Configurations, command: arm-none-eabi-gdb –version","2022-11-11 18:14:06"
581046,"Incubator","e4","eclipse.e4-inbox","NEW"," ---","The maven archetypes will not open because the page contains invalid values","2022-12-30 16:51:48"
581085,"Incubator","e4","eclipse.e4-inbox","NEW"," ---","ModelAssembler merges fragment elements in reverse order","2022-11-21 08:21:05"
581126,"Incubator","e4","eclipse.e4-inbox","NEW"," ---","SWT Edge class and msedgewebview2.exe disagree on UDF location","2022-11-28 03:12:34"
581134,"Incubator","e4","eclipse.e4-inbox","NEW"," ---","Not able to create Maven Project in Eclipse 2022-09","2022-11-27 23:25:10"
581173,"Incubator","e4","eclipse.e4-inbox","NEW"," ---","Cannot update installed software","2022-12-05 03:27:39"
581253,"Incubator","e4","eclipse.e4-inbox","NEW"," ---","Ampersand in hover text of close project","2022-12-20 16:23:56"
581259,"Incubator","e4","eclipse.e4-inbox","NEW"," ---","eclipse does not recognize shadowing class member","2022-12-22 05:35:10"
581261,"Incubator","e4","eclipse.e4-inbox","NEW"," ---","Importing an existing project while copying in the workspace will ask permission to overwrite .settings","2023-03-03 07:20:19"
581264,"Incubator","e4","eclipse.e4-inbox","NEW"," ---","Attempts to log into Favorites crashes the IDE","2023-12-10 09:51:33"
581275,"Incubator","e4","eclipse.e4-inbox","NEW"," ---","[Browser] SWT Browser not working on Windows 10/11 after latest Edge WebView2 Runtime update","2023-01-02 04:49:27"
581299,"Incubator","e4","eclipse.e4-inbox","NEW"," ---","[formatting] Add line wrapping setting for permits clause","2023-01-09 02:18:50"
581302,"Incubator","e4","eclipse.e4-inbox","NEW"," ---","resources Folder missing on Jar-In-Jar Classpath","2023-01-09 04:18:57"
581309,"Incubator","e4","eclipse.e4-inbox","NEW"," ---","[Accessibility] Screen Reader does not reads the suggestion for SWT Toolbaritem DropDown","2023-12-11 15:37:15"
581319,"Incubator","e4","eclipse.e4-inbox","NEW"," ---","SHA26 for file is different than given on website","2023-01-11 03:49:33"
581356,"Incubator","e4","eclipse.e4-inbox","NEW"," ---","[code mining] Code minings generate empty lines","2023-01-15 11:47:27"
581364,"Incubator","e4","eclipse.e4-inbox","NEW"," ---","2022-12 consistently deadlocks (hourglass) soon after starting","2023-01-16 17:00:42"
581371,"Incubator","e4","eclipse.e4-inbox","NEW"," ---","I am unable to see project folders under workspace. However i see the project folders .metadata\.plugins\org.eclipse.core.resources\.project","2023-01-17 22:15:42"
581372,"Incubator","e4","eclipse.e4-inbox","NEW"," ---","Javascript formatter seems not to do anything when you have keyword 'Promise' in the code","2023-01-18 01:35:46"
581399,"Incubator","e4","eclipse.e4-inbox","NEW"," ---","error eclipse with vaddin plug-in designer","2023-01-22 14:43:57"
581432,"Incubator","e4","eclipse.e4-inbox","NEW"," ---","Eclipse IDE 2022‑12 for scientific computing will not install","2023-01-27 13:55:28"
581438,"Incubator","e4","eclipse.e4-inbox","NEW"," ---","Using the IWizardContainer::run() method in FocusListener::focusLost will block the entire WizardPage","2023-01-30 07:36:11"
581460,"Incubator","e4","eclipse.e4-inbox","NEW"," ---","Bug in creating FXML File","2023-02-01 09:38:25"
581464,"Incubator","e4","eclipse.e4-inbox","NEW"," ---","quick-switch-editor now does nothing in 2022-12 (works in 2022-06)","2023-02-04 12:22:25"
581474,"Incubator","e4","eclipse.e4-inbox","NEW"," ---","Quick Switch Editor exception having same file opened twice via Window/Editor/Clone","2023-02-02 08:49:14"
581503,"Incubator","e4","eclipse.e4-inbox","NEW"," ---","ALT+X is not working in SQLEditor in PDE","2023-02-08 09:55:28"
581509,"Incubator","e4","eclipse.e4-inbox","NEW"," ---","Preferences Validation Settings Add Rule","2023-12-06 12:09:18"
581512,"Incubator","e4","eclipse.e4-inbox","NEW"," ---","Content assist doesn't start on first keypress, starts on second one","2023-02-11 10:46:54"
581526,"Incubator","e4","eclipse.e4-inbox","NEW"," ---","Wizard - Enabled buttons are not clearly highlighted","2023-02-14 09:40:55"
581556,"Incubator","e4","eclipse.e4-inbox","NEW"," ---","Eclipse IDE  based on platform versions(4.14, 4.16) doesn’t properly adjust to the current screen resolution when changing monitors.","2023-02-21 01:53:39"
581560,"Incubator","e4","eclipse.e4-inbox","NEW"," ---","Backslash of last program/VM-argument in Run/Debug handled wrong and different","2023-02-21 06:47:34"
581569,"Incubator","e4","eclipse.e4-inbox","NEW"," ---","Import IAR Embedded Workbench project","2023-02-21 20:34:14"
581570,"Incubator","e4","eclipse.e4-inbox","NEW"," ---","No callback to prevent editor tab closing","2023-02-22 03:51:01"
581611,"Incubator","e4","eclipse.e4-inbox","NEW"," ---","""run as junit test"" fails when hamcrest matcher used","2023-02-28 10:51:47"
581615,"Incubator","e4","eclipse.e4-inbox","NEW"," ---","[formatting] Add line wrapping setting for placing each right brace/parenthesis on a single line","2023-03-02 08:55:31"
581648,"Incubator","e4","eclipse.e4-inbox","NEW"," ---","On Ubuntu popups mouse clicks/keypress not works in debug and editor","2023-03-08 12:36:13"
581656,"Incubator","e4","eclipse.e4-inbox","NEW"," ---","SWT_AWT shouldn't autoscale","2023-03-15 09:44:30"
581661,"Incubator","e4","eclipse.e4-inbox","NEW"," ---","Screen flickering issue","2023-03-13 11:04:06"
581674,"Incubator","e4","eclipse.e4-inbox","NEW"," ---","The pom editor doesn't work well.","2023-03-16 02:45:38"
581676,"Incubator","e4","eclipse.e4-inbox","NEW"," ---","[Java debugger] Break point should have a property not to hit on lambda","2023-03-16 04:54:15"
581739,"Incubator","e4","eclipse.e4-inbox","NEW"," ---","Eclipse ignores lombok.config after 4.27 release updates","2023-05-25 18:47:12"
581742,"Incubator","e4","eclipse.e4-inbox","NEW"," ---","add database driver crashes on select","2023-03-31 11:24:47"
581750,"Incubator","e4","eclipse.e4-inbox","NEW"," ---","Dynamic web project 6.0 does not allow deploying in Tomcat 10.1","2023-05-20 10:44:42"
581769,"Incubator","e4","eclipse.e4-inbox","NEW"," ---","std::distance flags invalid arguments in c++ 20 but still compiles and runs","2023-04-03 16:09:04"
581776,"Incubator","e4","eclipse.e4-inbox","NEW"," ---","Pressing Home key move cursor to the end of line, and pressing End key - to the start of line","2023-04-04 11:44:29"
581788,"Incubator","e4","eclipse.e4-inbox","NEW"," ---","2023-03 Eclipse for Java not always showing all hints when typing Swing component name","2023-04-06 12:30:14"
581796,"Incubator","e4","eclipse.e4-inbox","NEW"," ---","GlassFish Server, no se puede iniciar el servidor debido a que no se encuentra la clase principal grizzly-npn-api.jar","2023-04-08 18:30:34"
581802,"Incubator","e4","eclipse.e4-inbox","NEW"," ---","Search doesn't show all the matches in the search window","2024-02-19 20:54:06"
581815,"Incubator","e4","eclipse.e4-inbox","NEW"," ---","swt imports not working in aarch installation","2023-04-15 13:08:15"
581821,"Incubator","e4","eclipse.e4-inbox","NEW"," ---","[wayland] No drawing on AWT canvas using SWT_AWT bridge","2023-10-02 05:46:20"
581823,"Incubator","e4","eclipse.e4-inbox","NEW"," ---","Error during installation of Eclipse 2022-9","2023-04-17 11:25:16"
581825,"Incubator","e4","eclipse.e4-inbox","NEW"," ---","TreeItem Image leak","2023-04-17 20:19:17"
581850,"Incubator","e4","eclipse.e4-inbox","NEW"," ---","Export Launch Configurations in Debug Configurations can't be accessed until Debug Configurations is closed.","2023-04-21 11:43:03"
581872,"Incubator","e4","eclipse.e4-inbox","NEW"," ---","Eclipse 2023-03 does not provide accurate code assist hints for lines like ""Set set = new HashSet();""","2023-05-31 09:50:19"
581874,"Incubator","e4","eclipse.e4-inbox","NEW"," ---","Switching back from dark to light theme does not change the unselected Active Tabs Colour","2023-04-28 04:04:00"
581881,"Incubator","e4","eclipse.e4-inbox","NEW"," ---","GDI object leak in SWT Label and Button","2023-05-01 07:45:50"
581885,"Incubator","e4","eclipse.e4-inbox","NEW"," ---","The attribute required is undefined for the annotation type XmlElementRef","2023-05-02 06:40:09"
581887,"Incubator","e4","eclipse.e4-inbox","NEW"," ---","Eclipse shows unsigned Artifact warning for signed artifacts.xml through tycho-gpg-plugin","2023-05-02 12:42:18"
581896,"Incubator","e4","eclipse.e4-inbox","NEW"," ---","High CPU Usage","2023-05-03 17:49:58"
581917,"Incubator","e4","eclipse.e4-inbox","NEW"," ---","Can't open the apps mat on mac chip m1","2023-05-10 00:25:28"
581918,"Incubator","e4","eclipse.e4-inbox","NEW"," ---","master page","2023-05-10 02:04:31"
581943,"Incubator","e4","eclipse.e4-inbox","NEW"," ---","Indexer problem","2023-05-12 12:30:36"
581945,"Incubator","e4","eclipse.e4-inbox","NEW"," ---","org.eclipse.osgi - Javase11 profile not found in 4.28 & 4.27 and older eclipse versions","2023-05-15 02:34:53"
581956,"Incubator","e4","eclipse.e4-inbox","NEW"," ---","Dialogs are too small","2023-05-16 13:44:16"
581990,"Incubator","e4","eclipse.e4-inbox","NEW"," ---","SWT GC fillRectangle/drawImage are not working on macOS","2023-05-29 09:43:10"
582004,"Incubator","e4","eclipse.e4-inbox","NEW"," ---","Unable to export feature for shared workspace","2023-05-31 01:58:38"
582013,"Incubator","e4","eclipse.e4-inbox","NEW"," ---","Amazon Home Page Not Opened","2023-06-01 10:28:36"
582015,"Incubator","e4","eclipse.e4-inbox","NEW"," ---","The selection is not within a valid module","2023-06-02 02:47:17"
582028,"Incubator","e4","eclipse.e4-inbox","NEW"," ---","The ctrl-C comment feature should place the // directly in front of the first character, not line start","2023-06-02 20:00:50"
582042,"Incubator","e4","eclipse.e4-inbox","NEW"," ---","Error when creating a FXML file","2023-06-07 10:47:10"
582045,"Incubator","e4","eclipse.e4-inbox","NEW"," ---","Rcptt  launch issue with eclipse 4.23 and java 11","2023-06-08 02:09:30"
582047,"Incubator","e4","eclipse.e4-inbox","NEW"," ---","Eclipse Application Under test (AUT) is not visible","2023-06-08 02:56:12"
582049,"Incubator","e4","eclipse.e4-inbox","NEW"," ---","[extract method] Extract method fails to report semantics change when finally present","2023-06-09 07:02:22"
582054,"Incubator","e4","eclipse.e4-inbox","NEW"," ---","The delete menu in context menu gets disabled on change of perspective.","2023-06-12 08:54:25"
582070,"Incubator","e4","eclipse.e4-inbox","NEW"," ---","LookupJDKToolchainsJob doesn't find toolchains.xml","2023-06-16 07:43:03"
582105,"Incubator","e4","eclipse.e4-inbox","NEW"," ---","Memory window incorrect shows NULL characters as 0001","2023-06-22 03:38:27"
582110,"Incubator","e4","eclipse.e4-inbox","NEW"," ---","Java editor - sometimes refuses to format code","2023-08-24 09:11:11"
582112,"Incubator","e4","eclipse.e4-inbox","NEW"," ---","Project Explorer autorefresh not work","2023-06-30 10:10:18"
582124,"Incubator","e4","eclipse.e4-inbox","NEW"," ---","Pasting a large amount of text to git commit message causes freeze","2023-06-26 16:05:50"
582132,"Incubator","e4","eclipse.e4-inbox","NEW"," ---","going into Preferences automatically copies the text ""type filter text""","2023-06-28 15:08:26"
582182,"Incubator","e4","eclipse.e4-inbox","NEW"," ---","An internal error occurred during: ""Updating Maven Project"".java.lang.NoSuchMethodError: 'org.eclipse.core.resources.IProject org.eclipse.m2e.core.project.configurator.ProjectConfigurationRequest.getProject()'","2023-09-20 06:32:14"
582206,"Incubator","e4","eclipse.e4-inbox","NEW"," ---","[Wayland] splashscreen have titlebar","2024-02-21 12:30:49"
582207,"Incubator","e4","eclipse.e4-inbox","NEW"," ---","[Wayland] Labels truncated in Preferences","2023-07-17 05:55:52"
582210,"Incubator","e4","eclipse.e4-inbox","NEW"," ---","bug in creating FXML file","2023-07-17 09:56:16"
582211,"Incubator","e4","eclipse.e4-inbox","NEW"," ---","bug in creating FXML file","2023-07-17 10:03:36"
582221,"Incubator","e4","eclipse.e4-inbox","NEW"," ---","Can't use editor font with medium or semibold font weight","2023-09-05 03:35:35"
582243,"Incubator","e4","eclipse.e4-inbox","NEW"," ---","Eclipse SDK Refuses to allow Project Server Selection","2023-07-26 18:55:51"
582248,"Incubator","e4","eclipse.e4-inbox","NEW"," ---","Installation problem","2023-07-28 01:34:48"
582251,"Incubator","e4","eclipse.e4-inbox","NEW"," ---","Conditional breakpoint stops at wrong var content in JUnit jupiter assertAll()","2023-07-28 07:10:23"
582252,"Incubator","e4","eclipse.e4-inbox","NEW"," ---","Editing code inside lambdas will move breakpoints down to arbitrary position","2023-07-28 08:35:33"
582253,"Incubator","e4","eclipse.e4-inbox","NEW"," ---","Cannot set breakpionts for lambdas without curly braces","2023-07-28 07:32:44"
582254,"Incubator","e4","eclipse.e4-inbox","NEW"," ---","Missing dedicated lambda code style support","2023-07-28 07:49:50"
582255,"Incubator","e4","eclipse.e4-inbox","NEW"," ---","Eclipse debugger mouseover shows outdated or wrong var content","2023-07-28 08:28:27"
582304,"Incubator","e4","eclipse.e4-inbox","NEW"," ---","CSS file @import resolution error with UNC path","2023-08-17 05:04:21"
582307,"Incubator","e4","eclipse.e4-inbox","NEW"," ---","Tree and Table Font for Views did not work","2023-08-18 04:04:12"
582331,"Incubator","e4","eclipse.e4-inbox","NEW"," ---","[Browser] org.eclipse.swt.browser.Browser doesn't dispose itself in case of SWTErrors and when calling Browser.clearSessions after disposing it is still calling the disposed browser instance class","2023-08-28 00:42:02"
582361,"Incubator","e4","eclipse.e4-inbox","NEW"," ---","Error during Java Build","2023-09-05 03:30:01"
582365,"Incubator","e4","eclipse.e4-inbox","NEW"," ---"," @link in javadoc doesn't work in jsp file","2023-09-05 04:03:19"
582396,"Incubator","e4","eclipse.e4-inbox","NEW"," ---","Wrong information on Tip of the day page.","2023-09-11 02:11:58"
582409,"Incubator","e4","eclipse.e4-inbox","NEW"," ---","[CheatSheet] The view ""Cheat Sheet"" fail to load file containing text ""&lt;a""","2023-09-14 03:43:16"
582413,"Incubator","e4","eclipse.e4-inbox","NEW"," ---","Valid Linux tar","2023-11-03 05:53:04"
582416,"Incubator","e4","eclipse.e4-inbox","NEW"," ---","Scrapbook of Eclipse Database Development perspective gives inconsistent results on queries made from it","2023-09-15 07:55:32"
582422,"Incubator","e4","eclipse.e4-inbox","NEW"," ---","Duplicate Classes getting created","2023-09-17 14:01:08"
582478,"Incubator","e4","eclipse.e4-inbox","NEW"," ---","Invalid Image exception, yet image loads elsewhere","2023-09-26 19:21:24"
582485,"Incubator","e4","eclipse.e4-inbox","NEW"," ---","Configuration file ""source.info"" contains duplicate bundles when installing with the p2 director","2023-09-28 13:19:15"
582514,"Incubator","e4","eclipse.e4-inbox","NEW"," ---","Eclipse 2023-09 Enterprise version does not show TestNG Run | Debug button on top of method if the test method on top half of the screen","2023-10-05 16:06:32"
582521,"Incubator","e4","eclipse.e4-inbox","NEW"," ---","SWTError: BrowserFunction is disposed causes Application Errors.","2023-10-10 04:01:11"
582534,"Incubator","e4","eclipse.e4-inbox","NEW"," ---","Java String Templates not supported in Java 21 Plugin","2023-10-14 07:07:29"
582550,"Incubator","e4","eclipse.e4-inbox","NEW"," ---","Perspective hana modeler","2023-10-18 13:33:31"
582569,"Incubator","e4","eclipse.e4-inbox","NEW"," ---","Toolbars contributed to the coolbar are no longer visible with Eclipse 4.25","2023-10-24 11:58:58"
582604,"Incubator","e4","eclipse.e4-inbox","NEW"," ---","Text correction LSP suggests a correct word to be wrong","2023-11-03 10:47:59"
582624,"Incubator","e4","eclipse.e4-inbox","NEW"," ---","If i start the Debugger in one Window, it opens in 2","2023-11-10 07:37:48"
582661,"Incubator","e4","eclipse.e4-inbox","NEW"," ---","NPE at org.eclipse.e4.ui.workbench.addons.minmax.TrimStack.getFixedSides","2023-11-23 00:10:57"
582663,"Incubator","e4","eclipse.e4-inbox","NEW"," ---","NPE at org.eclipse.e4.ui.workbench.addons.minmax.TrimStack.getFixedSides()","2023-11-23 05:16:38"
582674,"Incubator","e4","eclipse.e4-inbox","NEW"," ---","The report freeze after slice and dice in a report","2023-11-27 07:52:24"
582699,"Incubator","e4","eclipse.e4-inbox","NEW"," ---","Suddenly crash the app without any error","2023-12-04 08:05:56"
582700,"Incubator","e4","eclipse.e4-inbox","NEW"," ---","Suddenly crash the app without any error","2023-12-04 08:06:48"
582711,"Incubator","e4","eclipse.e4-inbox","NEW"," ---","Windows 11: Selection is not visible in MenuItem with image of type ""check""","2023-12-18 04:13:05"
582718,"Incubator","e4","eclipse.e4-inbox","NEW"," ---","PTP bug","2023-12-08 04:56:03"
582721,"Incubator","e4","eclipse.e4-inbox","NEW"," ---","Nested sealed interfaces cause ""The hierarchy of the type Array is inconsistent"" errors","2023-12-09 15:01:11"
582761,"Incubator","e4","eclipse.e4-inbox","NEW"," ---","this is for testing bugzilla","2023-12-14 20:50:24"
582817,"Incubator","e4","eclipse.e4-inbox","NEW"," ---","Ability to have a project specific dictionary for spell checking","2023-12-30 07:43:28"
582826,"Incubator","e4","eclipse.e4-inbox","NEW"," ---","Eclipse Logo appears upside-down","2024-01-02 17:08:49"
582827,"Incubator","e4","eclipse.e4-inbox","NEW"," ---","DatabaseValueholder to fetch value using getValue()  returns the older value after migrating to eclipselink from 2.1.3 to 2.7.11","2024-01-03 00:02:48"
582834,"Incubator","e4","eclipse.e4-inbox","NEW"," ---","Problems with centos6.3 installing eclipse4.17","2024-01-08 05:09:25"
582839,"Incubator","e4","eclipse.e4-inbox","NEW"," ---","[4.30] Wrong JavaDoc-reference in StandardVMType","2024-01-10 01:32:30"
582841,"Incubator","e4","eclipse.e4-inbox","NEW"," ---","Unable to see lines separation for all views in linux VM.","2024-01-10 04:02:20"
582868,"Incubator","e4","eclipse.e4-inbox","NEW"," ---","2D-vector copy / read out problem","2024-01-23 00:29:01"
582875,"Incubator","e4","eclipse.e4-inbox","NEW"," ---","Fatal error detected by the Java Runtime Environment","2024-01-21 09:35:15"
582878,"Incubator","e4","eclipse.e4-inbox","NEW"," ---","Eclipse formatter for annotations does not respect line maximum line length property","2024-01-22 13:54:57"
582882,"Incubator","e4","eclipse.e4-inbox","NEW"," ---","System freezes when Eclipse hits breakpoint (Linux)","2024-01-24 08:14:44"
582901,"Incubator","e4","eclipse.e4-inbox","NEW"," ---","working with git under eclipse 2023-12 causes unexplained deleting of all working files","2024-02-04 16:26:08"
582907,"Incubator","e4","eclipse.e4-inbox","NEW"," ---","Plugin-export of 'Deployable plug-ins and fragments' does not handle encoding correctly","2024-02-05 08:52:48"
582935,"Incubator","e4","eclipse.e4-inbox","NEW"," ---","Cannot update eclipse to the latest version after filling eclipse URL - address garbled","2024-02-14 05:05:29"
582963,"Incubator","e4","eclipse.e4-inbox","NEW"," ---","Eclipse 2023-12 suddenly, without explanation, becomes unresponsive and no longer works","2024-02-23 09:16:55"
442203,"Ice","Core","ice-inbox","NEW"," ---","Initial Contribution - Eclipse ICE","2014-08-20 14:49:40"
450681,"Ice","Core","ice-inbox","NEW"," ---","Build Materials Database and Reflectivity Calculator","2015-01-12 14:37:58"
454803,"Ice","Core","ice-inbox","NEW"," ---","Enhanced MOOSE post-processing support","2015-05-01 14:59:06"
455803,"Ice","General","ice-inbox","NEW"," ---","Feature Request: Create or find a color map widget","2014-12-20 18:16:37"
456144,"Ice","Core","ice-inbox","NEW"," ---","IOService not available in setupForm","2014-12-24 10:14:26"
456827,"Ice","General","ice-inbox","NEW"," ---","JobLaunchers throw IllegalThreadStateException","2015-01-15 15:02:25"
457750,"Ice","General","ice-inbox","NEW"," ---","ICE UI components need to be tested","2015-06-22 18:13:54"
457764,"Ice","Core","ice-inbox","NEW"," ---","Adding a fileset causes VizFileViewer to throw NullPointerException","2015-01-16 18:37:58"
458061,"Ice","Core","ice-inbox","NEW"," ---","XML files of persisted Items not deleted immediately","2015-01-21 11:18:09"
461332,"Ice","General","ice-inbox","NEW"," ---","Tie items to external processes that they spawn","2015-03-03 14:52:00"
461341,"Ice","General","ice-inbox","NEW"," ---","Job Launcher Form displays ""Processing Form..."" even after cancel button has been pressed.","2015-03-03 17:07:34"
466108,"Ice","Core","ice-inbox","NEW"," ---","MOOSE Launcher - Duplicate Resources","2015-05-01 15:12:41"
467900,"Ice","General","ice-inbox","NEW"," ---","EntryComposite UI Tests","2015-05-21 12:32:46"
469212,"Ice","General","ice-inbox","NEW"," ---","About ICE Page Blank","2015-06-02 18:57:36"
469215,"Ice","General","ice-inbox","NEW"," ---","On Ubuntu/Unity menu items do not appear when clicked.","2015-06-02 19:05:08"
470918,"Ice","Core","ice-inbox","NEW"," ---","VisIt Plug-ins - Performance degradation with GB-sized meshes","2015-07-23 17:52:24"
470919,"Ice","Core","ice-inbox","NEW"," ---","VisIt Plug-ins - Error handling needs to be improved","2015-07-23 17:52:39"
471602,"Ice","Core","ice-inbox","NEW"," ---","Fedora 22 bug- pixman error","2018-04-19 03:25:37"
471972,"Ice","Core","ice-inbox","NEW"," ---","Reflectivity model needs to accept data","2015-07-06 16:17:28"
471973,"Ice","Core","ice-inbox","NEW"," ---","Reflectivity model should always calculate RQ4","2015-07-06 16:28:26"
471974,"Ice","Core","ice-inbox","NEW"," ---","Add a template material to the materials database","2015-07-06 16:30:07"
471975,"Ice","Core","ice-inbox","NEW"," ---","Enable Custom Names for Reflectivity Model items","2015-07-06 16:34:02"
471977,"Ice","Core","ice-inbox","NEW"," ---","Update submitForm in Reflectivity Model to draw the data as soon as the user selects the data file","2015-07-06 16:41:27"
471978,"Ice","Core","ice-inbox","NEW"," ---","Enable sharing for Reflectivity Model data","2015-07-06 16:46:58"
471979,"Ice","Core","ice-inbox","NEW"," ---","Enable item generation via a copy option","2015-07-06 16:48:45"
471980,"Ice","Core","ice-inbox","NEW"," ---","Reflectivity Team has requested project support","2015-07-06 16:51:38"
471981,"Ice","General","ice-inbox","NEW"," ---","Reflectivity Model needs new UI layout","2015-07-06 16:53:28"
471982,"Ice","Core","ice-inbox","NEW"," ---","Reflectivity model needs to not accept bad values for the entry parameters","2015-07-06 16:57:06"
471983,"Ice","Core","ice-inbox","NEW"," ---","Reflectivity Model add constraints to layer table","2015-07-06 16:58:52"
471984,"Ice","Website","ice-inbox","NEW"," ---","Reflectivity Tutorial- cite SNS support and testing and add cite documentation","2015-07-06 17:02:52"
473442,"Ice","Core","ice-inbox","NEW"," ---","VisItVizService bugs and requests","2015-07-24 12:31:02"
475730,"Ice","Core","ice-inbox","NEW"," ---","CSV Plot Editor temporarily disables project explorer","2015-08-24 11:29:22"
478420,"Ice","Core","ice-inbox","NEW"," ---","MOOSE Workflows accept non-integer thread numbers","2015-09-25 10:32:22"
481764,"Ice","Core","ice-inbox","NEW"," ---","Binary issues for JavaFX Geometry Editor implementation","2015-11-09 14:46:50"
481776,"Ice","Core","ice-inbox","NEW"," ---","Error opening JavaFX Geometry Editor on Windows","2015-11-09 15:46:13"
481780,"Ice","Core","ice-inbox","NEW"," ---","JavaFX Geometry Editor shape clipping issue","2015-11-09 15:53:19"
481783,"Ice","Core","ice-inbox","NEW"," ---","JavaFX Geometry Editor feature enhancements","2015-11-09 16:01:29"
482729,"Ice","General","ice-inbox","NEW"," ---","Weird Visit behavior, existing connection fails","2016-02-20 13:03:15"
482732,"Ice","Core","ice-inbox","NEW"," ---","CSV Plot Editor freezes","2015-11-20 16:21:23"
496586,"Ice","General","ice-inbox","NEW"," ---","Demo bug report for ORNL Eclipse Users Group","2016-06-22 15:35:52"
457284,"Ice","Core","jayjaybillings","NEW"," ---","Update Reflectivity model to create ResourceComponent when processing","2015-05-26 10:47:47"
472972,"Ice","Core","jayjaybillings","NEW"," ---","Add missing bundles to feature","2015-07-17 14:57:48"
480601,"Ice","General","jayjaybillings","NEW"," ---","EntryComposite Browse button does not correctly set file path","2015-10-26 09:36:49"
480711,"Ice","General","jayjaybillings","NEW"," ---","Materials database not showing up in Reflectivity UI","2015-10-26 21:39:17"
482170,"Ice","Core","jayjaybillings","NEW"," ---","ICE 2.2 Release Candidate 1","2015-12-28 14:35:10"
454953,"Ice","General","jordan.deyton","NEW"," ---","Plant - Invalid PlantComponent properties can cause the 3D plant view to crash","2014-12-11 17:22:00"
457389,"Ice","Core","jordan.deyton","NEW"," ---","VisItVizService control and feature enhancements","2015-07-24 12:31:02"
458053,"Ice","General","jordan.deyton","NEW"," ---","Plant - Keyboard controls sometimes do not function continuously","2015-01-21 13:20:34"
460154,"Ice","Core","jordan.deyton","NEW"," ---","Properties View - File Entries should have a drop-down and/or a browse button to select files.","2015-07-24 12:25:23"
465740,"Ice","Core","jordan.deyton","NEW"," ---","VizService Tests - These need to be fleshed out significantly","2015-04-28 17:55:15"
465741,"Ice","Core","jordan.deyton","NEW"," ---","CSVVizService - Update the Tests","2015-04-28 17:54:17"
465742,"Ice","Core","jordan.deyton","NEW"," ---","VisItVizService -  Update the Tests","2015-07-24 12:30:04"
466101,"Ice","Core","jordan.deyton","NEW"," ---","ICE Documentation - Validate/Update dating of license terms for all files.","2015-05-01 14:03:30"
466104,"Ice","Core","jordan.deyton","NEW"," ---","ICE Documentation - Update authors/contributors in source file licenses","2015-05-01 14:27:12"
468390,"Ice","Core","jordan.deyton","NEW"," ---","Adding New Series to a CSV Embedded Plot","2015-08-05 14:40:45"
468393,"Ice","Core","jordan.deyton","NEW"," ---","Automatic VisIt Startup Through Installer and Program Argument","2015-07-23 17:57:02"
470750,"Ice","Core","jordan.deyton","NEW"," ---","VisItVizService - Time slider widget needs actual times, not timestep indices","2015-07-23 17:49:02"
470751,"Ice","Core","jordan.deyton","NEW"," ---","VisItVizService - Setting a specific timestep","2015-07-23 17:49:21"
472211,"Ice","Core","jordan.deyton","NEW"," ---","ParaViewVizService - UI Enhancements","2015-09-11 10:55:49"
473434,"Ice","Core","jordan.deyton","NEW"," ---","ParaViewVizService bugs and requests","2015-08-27 16:10:02"
473436,"Ice","Core","jordan.deyton","NEW"," ---","ParaViewVizService bug - Timestep mismatch after rendering file","2015-07-23 16:13:57"
473437,"Ice","Core","jordan.deyton","NEW"," ---","ParaViewWebClient bug - Can't set to specific timestep","2015-07-23 16:18:29"
473438,"Ice","Core","jordan.deyton","NEW"," ---","ParaViewWebClient bug - Times reported for previously opened files","2015-07-23 16:30:52"
473522,"Ice","Core","jordan.deyton","NEW"," ---","ParaViewWebClient bug - Needs to be able to launch a remote server","2015-07-24 12:03:18"
473523,"Ice","Core","jordan.deyton","NEW"," ---","ParaViewWebClient request - Support for Windows hosts","2015-07-24 12:06:54"
473525,"Ice","Core","jordan.deyton","NEW"," ---","ParaViewVizService request - Python console for interacting with plots","2015-07-24 12:15:55"
474740,"Ice","Core","jordan.deyton","NEW"," ---","ICE Reactor Perspective - Fixes and Improvements","2015-08-11 16:14:05"
474743,"Ice","Core","jordan.deyton","NEW"," ---","Double-clicking a Reactor in the Reactors View not working","2015-08-11 16:08:30"
476076,"Ice","Core","jordan.deyton","NEW"," ---","ParaViewMouseAdapter bug - Responds to selections in the context Menu","2015-08-27 16:05:35"
476077,"Ice","Core","jordan.deyton","NEW"," ---","IParaViewWebClient request - Make it extensible via OSGi","2015-08-27 16:10:02"
476078,"Ice","General","jordan.deyton","NEW"," ---","ICE Plot Editor bug - Visualization Service selection dialog text is too wide","2016-02-12 16:30:42"
474451,"Ice","Core","kaspergam","NEW"," ---","Contour mapping no longer available with CSV plots in ICE","2015-08-06 16:40:37"
478194,"Ice","Core","amccaskey2223","ASSIGNED"," ---","Installing ICE from the install fails on Macbook Pro","2015-09-30 11:38:41"
470743,"Ice","Core","jayjaybillings","ASSIGNED"," ---","Stoichiometry Still needs implementing","2015-06-22 15:23:53"
480522,"Ice","General","jayjaybillings","ASSIGNED"," ---","IJAXBClassProvider tester fails in the build","2015-10-23 13:02:01"
455654,"Ice","General","jordan.deyton","ASSIGNED"," ---","MOOSE - Selecting from pre-defined list when adding new parameters to blocks","2015-07-06 14:45:05"
457293,"Ice","Core","jordan.deyton","ASSIGNED"," ---","Generate script to go through ICE code and fix documentation","2015-05-21 14:11:06"
457388,"Ice","Core","jordan.deyton","ASSIGNED"," ---","VisItVizService preference enhancements","2015-07-24 12:31:15"
464170,"Ice","Core","jordan.deyton","ASSIGNED"," ---","VisItPlot - Different plot renderings use the same VisItSwtWidget window IDs","2015-07-24 12:24:54"
465743,"Ice","Core","jordan.deyton","ASSIGNED"," ---","VizService Tests - Update connection-related tests","2015-04-29 11:25:27"
467906,"Ice","Core","jordan.deyton","ASSIGNED"," ---","ICE Documentation - Generate Javadoc","2015-06-25 16:07:16"
468388,"Ice","Core","jordan.deyton","ASSIGNED"," ---","TimeSlider Widget on Embedded Viz Views","2015-07-23 17:49:21"
468394,"Ice","Core","jordan.deyton","ASSIGNED"," ---","Disable Secure Storage Popup for Local VisIt Connections","2015-07-24 11:36:29"
468400,"Ice","Core","jordan.deyton","ASSIGNED"," ---","MOOSE Perspective Improvements","2015-06-23 08:57:08"
469997,"Ice","General","jordan.deyton","ASSIGNED"," ---","Visualization Service - Refactor/Updates to better handle multiple connections","2015-07-23 17:15:55"
471619,"Ice","Core","jordan.deyton","ASSIGNED"," ---","ParaViewVizService -  Implement a visualization service powered by ParaView","2015-07-23 16:10:55"
471968,"Ice","Core","jordan.deyton","ASSIGNED"," ---","ICE - ""Script Unit Test"" view is now a part of every perspective","2015-07-06 18:58:23"
473691,"Ice","Core","jordan.deyton","ASSIGNED"," ---","CSVPlot bug - Series' enabled state inconsistency","2015-08-05 14:59:42"
474744,"Ice","Core","jordan.deyton","ASSIGNED"," ---","Reactor HDF infrastructure updates","2015-09-02 10:34:11"
478471,"Ice","General","jskim910118","ASSIGNED"," ---","Transform ICE client OSGi services into extensions(IFormWidgetBuilder)","2015-09-26 16:34:57"
478470,"Ice","Core","nickstanish","ASSIGNED"," ---","ItemBuilder OSGI service needs to be extension point","2015-09-26 16:44:20"
479184,"Ice","Core","nickstanish","ASSIGNED"," ---","IJAXBClassProvider and ICompositeItemBuilder should use extension registry","2015-10-23 12:18:34"
482530,"Ice","General","smithrw","ASSIGNED"," ---","In the Visualization perspective, after adding plots for one file, and then another,plots for the first added one can't be displayed","2016-01-18 17:06:45"
479587,"Ice","Core","tmccrary","ASSIGNED"," ---","Replace JME geometry editor implementation with JavaFX","2015-10-16 21:39:55"
581768,"Incubator","e4","eclipse.e4-inbox","REOPENED"," ---","std::distance flags invalid arguments in c++ 20 but still compiles and runs","2023-04-03 16:10:12"
581323,"Jakartaee-stable","General","wst-inbox","REOPENED"," ---","illegal reflective access in com.sun.xml.bind plugin","2023-01-25 01:02:38"
468384,"Ice","Core","amccaskey2223","RESOLVED","FIXED","Integrate Existing MOOSE Items Into A New CompositeItem Subclass","2015-06-18 13:38:20"
468386,"Ice","Core","amccaskey2223","RESOLVED","FIXED","Improve MOOSE Tools to Hide YAML Application Data","2015-06-18 13:40:15"
468397,"Ice","Core","amccaskey2223","RESOLVED","FIXED","Create MOOSE Output Subclass that Wraps ICE Updater","2015-06-18 13:44:26"
468407,"Ice","Core","amccaskey2223","RESOLVED","FIXED","Create a Moose IProjectNature","2015-07-07 11:31:36"
470201,"Ice","Core","amccaskey2223","RESOLVED","FIXED","""type"" parameter in Moose tree must be required and checked","2015-06-15 13:11:45"
470819,"Ice","Core","amccaskey2223","RESOLVED","FIXED","Launching MOOSE Item loaded from Item Viewer fails","2015-07-07 11:32:09"
460852,"Ice","General","bennettar","RESOLVED","DUPLICATE","No procedure to stop hanging CAEBAT simulations","2015-03-03 14:51:59"
222678,"Incubator","e4","bokowski","RESOLVED","WORKSFORME","Problems view does not have content when opened the first time","2019-09-04 01:57:58"
222679,"Incubator","e4","bokowski","RESOLVED","WORKSFORME","Problems view leaks listener","2019-09-04 01:57:59"
307551,"Incubator","e4","bokowski","RESOLVED","INVALID","please ignore (testing)","2019-09-02 14:56:07"
470425,"Ice","Website","denis.roy","RESOLVED","FIXED","Need a public web server for SonarQube results","2017-04-10 10:30:18"
478986,"Ice","Website","denis.roy","RESOLVED","FIXED","Registering another email address with Gerrit fails","2016-10-24 12:08:25"
222148,"Incubator","e4","eclipse.e4-inbox","RESOLVED","INVALID","invalid bug","2008-03-10 20:34:48"
222677,"Incubator","e4","eclipse.e4-inbox","RESOLVED","FIXED","Fix thread leak","2008-03-14 15:10:10"
227555,"Incubator","e4","eclipse.e4-inbox","RESOLVED","FIXED","[EMF-Workbench] Change Multi-Inheritance to save resources","2008-04-17 10:34:07"
251384,"Incubator","e4","eclipse.e4-inbox","RESOLVED","WORKSFORME","Table#setFont() is not working (flex)","2019-09-04 01:50:46"
251386,"Incubator","e4","eclipse.e4-inbox","RESOLVED","WORKSFORME","Reordering columns in a Table is not ordering the content, only the header (flex)","2019-09-04 01:51:27"
251388,"Incubator","e4","eclipse.e4-inbox","RESOLVED","WORKSFORME","TableColumn#setWidth() not using pixels (flex)?","2019-09-04 01:50:42"
251389,"Incubator","e4","eclipse.e4-inbox","RESOLVED","WORKSFORME","SWT.CENTER not respected by TableColumn (flex)","2019-09-04 01:48:30"
251391,"Incubator","e4","eclipse.e4-inbox","RESOLVED","WORKSFORME","SortColumn, SortDirection, Selection non functional in TableColumn (flex)","2019-09-04 01:50:15"
251393,"Incubator","e4","eclipse.e4-inbox","RESOLVED","WORKSFORME","List#addAll() throws an Exception if sizes of Lists differ","2019-09-04 01:51:05"
251553,"Incubator","e4","eclipse.e4-inbox","RESOLVED","WORKSFORME","org.eclipse.swt.net is not on the classpath when running with win32 classpath","2019-09-04 01:53:22"
251671,"Incubator","e4","eclipse.e4-inbox","RESOLVED","WORKSFORME","Control.setMenu() has no effect (flex)","2019-09-04 01:48:48"
251849,"Incubator","e4","eclipse.e4-inbox","RESOLVED","WORKSFORME","event.item is null for Selection events (flex)","2019-09-04 01:50:36"
253957,"Incubator","e4","eclipse.e4-inbox","RESOLVED","WORKSFORME","(Desktop to Flex)  Adding underline to the shortcut key","2019-09-04 01:56:41"
265423,"Incubator","e4","eclipse.e4-inbox","RESOLVED","FIXED","Eclipse does not start in Debian Lenny","2009-02-23 06:38:06"
327736,"Incubator","e4","eclipse.e4-inbox","RESOLVED","WONTFIX","Make the e4 p2 repository (with e4 tools) self-contained","2010-10-14 09:29:45"
385428,"Incubator","e4","eclipse.e4-inbox","RESOLVED","WORKSFORME","E4 CSS editor has fixed size and doesn't follow preferences dialog size","2019-09-04 01:52:59"
385429,"Incubator","e4","eclipse.e4-inbox","RESOLVED","WORKSFORME","E4 CSS editor saves on cancel and warns about concurrent editing","2019-09-04 01:53:43"
436401,"Incubator","e4","eclipse.e4-inbox","RESOLVED","WORKSFORME","org.eclipse.e4.builder has tons of files without copyright","2019-09-04 01:52:00"
525839,"Incubator","e4","eclipse.e4-inbox","RESOLVED","WORKSFORME","breakpoints not working","2018-01-23 01:53:06"
581072,"Incubator","e4","eclipse.e4-inbox","RESOLVED","FIXED","Java postfix template ""fori"" and ""forr"" contain hardcoded variable name","2022-11-18 11:59:05"
581624,"Incubator","e4","eclipse.e4-inbox","RESOLVED","INVALID","Temurin builds won't load Apple KeychainStore certificates","2023-03-03 17:40:16"
581900,"Incubator","e4","eclipse.e4-inbox","RESOLVED","FIXED","eclipse flags statement as ""no effect""","2023-05-04 21:54:46"
582676,"Incubator","e4","eclipse.e4-inbox","RESOLVED","FIXED","Oops, something went wrong and we're completely broken down.","2023-11-28 05:15:17"
259296,"Incubator","e4","eclipse.felipe","RESOLVED","WORKSFORME","[FLEX]Dialogs support for Flex","2019-09-04 01:53:33"
259298,"Incubator","e4","eclipse.felipe","RESOLVED","WORKSFORME","[FLEX]TextEditor web port","2019-09-04 01:57:55"
259315,"Incubator","e4","eclipse.felipe","RESOLVED","WORKSFORME","[FLEX]new Toolbar  implementation (incomplete)","2019-09-04 01:53:33"
253910,"Incubator","e4","eric_hung","RESOLVED","WORKSFORME","[Flex] Display image in tool item","2019-09-04 01:52:43"
258692,"Incubator","e4","eric_hung","RESOLVED","FIXED","[Flex] Device Fonts","2008-12-18 11:23:25"
258696,"Incubator","e4","eric_hung","RESOLVED","FIXED","[Flex] ScrollBar for the CoolBar","2008-12-18 10:59:10"
258699,"Incubator","e4","eric_hung","RESOLVED","FIXED","[Flex] Decoration and Shell","2008-12-18 12:07:34"
249532,"Incubator","e4","gheorghe","RESOLVED","INVALID","toString() should not have override tag","2009-05-05 15:52:43"
456828,"Ice","General","ice-inbox","RESOLVED","FIXED","MOOSE - Setting MOOSE app throwing error in Windows","2015-01-06 16:49:49"
465629,"Ice","Core","ice-inbox","RESOLVED","WORKSFORME","MOOSE - Fork the stork button missing from nightly","2015-04-27 17:39:26"
469299,"Ice","Core","ice-inbox","RESOLVED","FIXED","Visualization File Viewer delete button does not work","2015-06-05 11:08:08"
469302,"Ice","Core","ice-inbox","RESOLVED","FIXED","CSV Plot Viewer cannot open plots","2015-06-05 11:07:52"
469304,"Ice","Core","ice-inbox","RESOLVED","INVALID","Cannot launch multiple simultaneous VisIt sessions","2015-06-05 08:49:24"
469305,"Ice","Core","ice-inbox","RESOLVED","FIXED","MOOSE Model Builder mouse wheel zoom function is inoperative","2015-06-05 11:07:31"
470834,"Ice","Core","ice-inbox","RESOLVED","FIXED","The New Item Wizard checks for null items twice","2015-06-26 08:38:40"
470838,"Ice","Core","ice-inbox","RESOLVED","WONTFIX","NekWriter doesn't use generic linebreaks","2015-06-26 15:22:01"
470844,"Ice","Core","ice-inbox","RESOLVED","FIXED","MeshAppState floating point equality comparision","2015-09-11 12:02:43"
470915,"Ice","Core","ice-inbox","RESOLVED","FIXED","MasterDetailsComponent uses bitwise AND instead of Boolean AND","2015-09-11 12:01:34"
471003,"Ice","Core","ice-inbox","RESOLVED","FIXED","Reflectivity model needs implementation","2015-10-28 16:44:39"
471345,"Ice","Core","ice-inbox","RESOLVED","FIXED","Visualization Perspective Add File Set option does not work","2015-09-10 14:34:13"
472202,"Ice","Core","ice-inbox","RESOLVED","FIXED","Number of Roughness Layers can be 1 in Reflectivity Model","2015-08-03 17:18:02"
472315,"Ice","Core","ice-inbox","RESOLVED","FIXED","Widget tests do not run in the Maven build","2015-07-10 15:24:15"
472380,"Ice","Core","ice-inbox","RESOLVED","FIXED","SWTBot Test Failures","2015-09-08 15:39:35"
475915,"Ice","Core","ice-inbox","RESOLVED","FIXED","Viz bundles depend on org.eclise.ice.datastructures","2015-09-08 13:18:12"
476577,"Ice","Core","ice-inbox","RESOLVED","FIXED","""Import existing files into the workspace"" function not working","2015-09-10 10:57:50"
478177,"Ice","Core","ice-inbox","RESOLVED","FIXED","Adding a MultiLauncher Item fails with no error message","2015-11-09 11:12:39"
481432,"Ice","Core","ice-inbox","RESOLVED","FIXED","Threading Options for Job Profile Editor multiply","2015-11-04 17:55:44"
455536,"Ice","Core","jayjaybillings","RESOLVED","FIXED","Unit tests not cleaning up after themselves after failing, causing subsequent runs to fail","2014-12-17 17:32:33"
467264,"Ice","Core","jayjaybillings","RESOLVED","DUPLICATE","Viz refactor: MOOSE blocks don't have checkboxes","2015-05-15 15:52:05"
467271,"Ice","Core","jayjaybillings","RESOLVED","DUPLICATE","Viz refactor: Not all resources being added to ResourceComponent when VisIt connection not set","2015-05-15 18:26:27"
471603,"Ice","Core","jayjaybillings","RESOLVED","FIXED","Eclipse MarketPlace not in Toolbar menu","2015-09-08 16:11:24"
389958,"Incubator","e4","jdt-debug-inbox","RESOLVED","WORKSFORME","Ubuntu Linux 12.04","2018-09-14 01:49:38"
468387,"Ice","Core","jordan.deyton","RESOLVED","FIXED","File Entry Composite Improvements","2015-06-18 13:42:23"
469932,"Ice","Core","jordan.deyton","RESOLVED","FIXED","Checking parent tree node check box does not select its children check boxes","2015-06-11 12:32:56"
469934,"Ice","Core","jordan.deyton","RESOLVED","FIXED","More feedback is needed when establishing a VisIt connection","2015-06-11 12:38:34"
470306,"Ice","General","jordan.deyton","RESOLVED","FIXED","Visualization Service - Create a general Plot Editor","2015-09-11 12:05:23"
470427,"Ice","Core","jordan.deyton","RESOLVED","FIXED","Right clicking models gives extraneous options","2015-09-11 12:04:00"
470752,"Ice","Core","jordan.deyton","RESOLVED","DUPLICATE","ParaViewVizService - Incorporate new time slider widget","2015-07-23 17:38:09"
475606,"Ice","Core","jordan.deyton","RESOLVED","FIXED","ICE UI - Empty Viewers when using GTK3","2015-11-09 11:18:43"
238351,"Incubator","e4","Kevin_McGuire","RESOLVED","WORKSFORME","e4 web demo no longer works on 3.4","2019-09-04 01:50:57"
226182,"Incubator","e4","maxime_daniel","RESOLVED","FIXED","[eca] java.lang.Object methods in interfaces","2008-04-10 03:50:27"
226188,"Incubator","e4","maxime_daniel","RESOLVED","FIXED","[eca] wrong accessor for static field","2008-04-10 05:34:06"
226193,"Incubator","e4","maxime_daniel","RESOLVED","FIXED","[eca] inner class messes up context","2008-05-02 10:24:05"
226465,"Incubator","e4","maxime_daniel","RESOLVED","FIXED","[eca] wrong synthetics combination","2008-05-05 05:31:38"
227786,"Incubator","e4","maxime_daniel","RESOLVED","FIXED","[eca] template supports  (java 1.5)","2008-05-02 04:12:41"
227787,"Incubator","e4","maxime_daniel","RESOLVED","FIXED","[eca] annotations support (java 1.5)","2008-04-30 08:25:07"
227846,"Incubator","e4","maxime_daniel","RESOLVED","FIXED","[eca] bug with inner class involving local names registry","2008-05-02 08:20:24"
248647,"Incubator","e4","Olivier_Thomann","RESOLVED","WONTFIX","try..catch (NullPointerException)  doesn't work","2010-03-05 15:32:43"
249537,"Incubator","e4","Olivier_Thomann","RESOLVED","FIXED","ActionScript files should not change visibility of methods","2008-10-15 10:27:07"
251862,"Incubator","e4","Olivier_Thomann","RESOLVED","FIXED","Stack overflow in Java->AS compiler","2008-10-29 10:58:24"
252605,"Incubator","e4","Olivier_Thomann","RESOLVED","FIXED","Unable to assign a value to a field from an anonymous inner class (flex)","2008-11-03 13:24:55"
249509,"Incubator","e4","Silenio_Quarti","RESOLVED","WONTFIX","Integer.decode(String) doesn't seem to work at runtime","2012-06-20 21:11:59"
473531,"Ice","Core","smithrw","RESOLVED","FIXED","ICE geometry classes need to be refactor to use the IVizService infrastructure","2015-09-08 15:36:37"
476974,"Ice","Core","smithrw","RESOLVED","FIXED","PlotGridCompositeTester Fails on Mac","2015-10-06 15:42:04"
476994,"Ice","Core","smithrw","RESOLVED","FIXED","PlotDialogProvider Adds IPlots that are Null","2015-09-09 12:45:55"
477462,"Ice","Core","smithrw","RESOLVED","FIXED","CSV Plot Editor Cannot Set Independent Series","2015-09-16 12:14:17"
226379,"Incubator","e4","tom.schindl","RESOLVED","FIXED","[EMF-Workbench] Workbench with an EMF-Model below","2008-04-17 10:33:35"
227552,"Incubator","e4","tom.schindl","RESOLVED","FIXED","[EMF-Workbench] Use booleans and int instead of Boolean and Integer in the EMF metamodel","2008-04-17 13:33:15"
228735,"Incubator","e4","tom.schindl","RESOLVED","FIXED","[EMF-Workbench] Make EMF-Objects Scriptable use Rhino ScritableObject","2008-04-24 15:06:17"
454427,"Ice","General","wojtowicza","RESOLVED","FIXED","ICE Moose Launching Dynamic File Presentation support","2014-12-29 13:32:26"
454647,"Ice","General","wojtowicza","RESOLVED","FIXED","MOOSE YAML/action syntax generator appending subsequent data","2014-12-09 17:12:38"
457637,"Ice","Website","wojtowicza","RESOLVED","FIXED","Update MOOSE tutorial to use new YAML generator wizard","2015-01-15 17:49:07"
459332,"Ice","Core","ice-inbox","CLOSED","FIXED","Remote launch with private key and optional credentials","2015-07-31 16:04:51"
459333,"Ice","Core","ice-inbox","CLOSED","FIXED","Remote launch should allow for the use of a proxy","2015-07-31 16:01:05"
458173,"Ice","Core","wojtowicza","CLOSED","FIXED","Windows build failing in ItemTester package","2015-05-20 13:59:40"
450877,"Ice","General","amccaskey2223","CLOSED","FIXED","CAEBAT Launcher should have default hostname set to localhost","2014-11-10 16:02:00"
450878,"Ice","General","amccaskey2223","CLOSED","FIXED","CAEBATModel Item allowed actions should default to 'Export to Caebat INI format'","2014-11-10 16:05:33"
468472,"Ice","Core","amccaskey2223","CLOSED","FIXED","setEntryValue bug in EntryComposite","2015-05-27 10:41:55"
481426,"Ice","Core","amccaskey2223","CLOSED","FIXED","No clean way to rename an Item through the IPersistenceProvider","2015-11-12 16:27:59"
481431,"Ice","Core","amccaskey2223","CLOSED","FIXED","Error Opening ICE XML File for Subclass of ICEFormEditor","2015-11-12 16:27:53"
481958,"Ice","Core","amccaskey2223","CLOSED","FIXED","Posting to Core Web Server Fails with Error 500","2015-11-12 13:39:46"
481961,"Ice","Core","amccaskey2223","CLOSED","FIXED","Trouble when re-opening VIBE_Launcher.xml","2015-11-13 17:17:36"
482406,"Ice","Core","amccaskey2223","CLOSED","FIXED","BundleException while starting ice","2015-11-17 18:03:32"
454627,"Ice","Core","bennettar","CLOSED","FIXED","CAEBAT Model unit tests failing on Windows when run in batch mode","2015-01-21 12:19:22"
455266,"Ice","General","bennettar","CLOSED","FIXED","Details from job launches are all dumped to one location","2015-02-27 13:09:58"
455353,"Ice","Core","bennettar","CLOSED","FIXED","CAEBAT post-simulation files downloaded incorrectly","2015-02-27 13:10:24"
458300,"Ice","Core","bennettar","CLOSED","FIXED","IPSWriterTester failing on Windows and Mac builds","2015-02-04 16:48:43"
459067,"Ice","General","bennettar","CLOSED","FIXED","Update ICE screenshots for CAEBAT release document.","2015-02-13 12:50:16"
459068,"Ice","General","bennettar","CLOSED","FIXED","Add a ""Use default"" option to the CAEBAT KV Pair entry on the CAEBAT Launcher","2015-02-13 12:44:49"
459921,"Ice","General","bennettar","CLOSED","FIXED","Caebat Launcher's 'Use Custom KV Pair File' box behaves erratically","2015-02-13 16:22:13"
460725,"Ice","General","bennettar","CLOSED","FIXED","Ports details in Caebat Model Item are defaulted with invalid information when the port is not defined in loaded configuration","2015-02-24 20:39:24"
460823,"Ice","General","bennettar","CLOSED","FIXED","Rebrand CAEBAT Plugins to VIBE","2015-02-27 13:07:28"
460989,"Ice","General","bennettar","CLOSED","FIXED","IPS Reader Misses Section if there are no blank lines between sections","2015-02-27 13:07:43"
461763,"Ice","General","bennettar","CLOSED","FIXED","Have io tests modify ICETests directory instead of ICETests/ioData","2015-03-16 12:24:22"
468395,"Ice","Core","bennettar","CLOSED","FIXED","Create an ICE Installer","2015-11-09 14:34:38"
474653,"Ice","Core","bennettar","CLOSED","FIXED","Feature 'schema' not found error when loading new or imported BatML Models.","2015-08-11 15:20:55"
474745,"Ice","General","bennettar","CLOSED","FIXED","Expanding BatML model tree crashes ICE","2015-08-18 13:57:32"
475850,"Ice","Core","bennettar","CLOSED","FIXED","Properties view throws NullPointerException when looking at BatML data in EMFTreeComposite.","2015-11-09 15:21:59"
480698,"Ice","General","bennettar","CLOSED","FIXED","Python Script installs the wrong version of ICE","2015-10-29 09:31:38"
481797,"Ice","General","bennettar","CLOSED","FIXED","BatML Model doesn't open when selected from Project Explorer","2015-11-10 23:53:23"
483042,"Ice","General","bennettar","CLOSED","FIXED","python script downloads only ICE and exits with an error","2015-12-03 17:14:47"
483617,"Ice","General","bennettar","CLOSED","FIXED","Python script doesn't install Visit into a 'Visit' folder, instead uses disk image","2015-12-11 15:43:06"
234710,"Incubator","e4","eclipse.e4-inbox","CLOSED","DUPLICATE","experiment with text macro recording","2017-11-06 12:39:27"
581225,"Incubator","e4","eclipse.e4-inbox","CLOSED","MOVED","Use ctrl+e Quick Switch Editor to report java.lang.IllegalArgumentException","2022-12-14 19:44:24"
581964,"Incubator","e4","eclipse.e4-inbox","CLOSED","MOVED","OutOfMemory immediately on workbench startup when 2 or more editors are open","2023-05-22 12:42:50"
582272,"Incubator","e4","eclipse.e4-inbox","CLOSED","MOVED","Extract Method Refactoring allows extraction where multiple exits exist leading to incorrect data flow analysis of the resulting code after refactoring.","2023-08-06 21:20:19"
582294,"Incubator","e4","eclipse.e4-inbox","CLOSED","FIXED","Upgrade from working  v2023-03 to 2023-06 has trashed Eclipse installation","2023-08-18 14:08:43"
582495,"Incubator","e4","eclipse.e4-inbox","CLOSED","WONTFIX","Product Export and Workspace Directory .lock file","2023-10-05 03:33:10"
582669,"Incubator","e4","eclipse.e4-inbox","CLOSED","MOVED","2023-06->2023-09 Seems to have broke dependency graph management in our project","2023-11-25 09:47:22"
450848,"Ice","Core","ice-inbox","CLOSED","FIXED","Write new build article","2014-11-10 14:34:42"
450879,"Ice","General","ice-inbox","CLOSED","FIXED","CAEBAT KeyValue Pair generator allowed actions should default to export to key value pair","2014-11-10 16:05:20"
451051,"Ice","General","ice-inbox","CLOSED","FIXED","Feature Tracker: Time Stepping for .silo Files","2014-12-04 09:14:43"
452154,"Ice","General","ice-inbox","CLOSED","FIXED","ICE needs general purpose IPS Reader","2014-12-10 13:06:30"
452156,"Ice","General","ice-inbox","CLOSED","FIXED","ICE needs general purpose IPS Writer","2014-12-10 13:06:30"
452159,"Ice","General","ice-inbox","CLOSED","FIXED","Fix CAEBAT Model to allow using CAEBAT input files to build","2014-12-10 13:06:29"
454933,"Ice","General","ice-inbox","CLOSED","FIXED","MOOSE - PlantComponents no longer load from input files","2014-12-11 16:50:28"
460723,"Ice","General","ice-inbox","CLOSED","FIXED","Import Item dialog box hides file browser portion on small screens/low resolution","2015-02-24 13:49:02"
462292,"Ice","General","ice-inbox","CLOSED","FIXED","Windows nightly does not launch on Windows 8+","2015-03-17 17:25:24"
464188,"Ice","Core","ice-inbox","CLOSED","FIXED","Unit tests can't access system properties","2015-04-08 13:58:22"
464820,"Ice","Core","ice-inbox","CLOSED","FIXED","MOOSE Model: Display warning when executable is changed and Form must be saved","2015-05-20 14:39:59"
465628,"Ice","Core","ice-inbox","CLOSED","WORKSFORME","MOOSE - Generate YAML and action syntax button does not work in the nightly","2015-04-27 17:37:15"
467901,"Ice","General","ice-inbox","CLOSED","FIXED","ICEResourcePage UI Tests","2015-05-22 12:34:03"
469022,"Ice","Core","ice-inbox","CLOSED","FIXED","ICE crashes with cairo-misc.c error on RHEL6.6 when hitting ""Go!""","2015-06-01 13:21:38"
469183,"Ice","Core","ice-inbox","CLOSED","FIXED","ICE missing M2E with linux installer","2015-06-02 16:47:04"
469205,"Ice","Core","ice-inbox","CLOSED","FIXED","SWT Bot missing from ICE build","2015-06-02 16:50:47"
469206,"Ice","Core","ice-inbox","CLOSED","FIXED","Nattable missing from ICE build","2015-06-02 17:04:57"
469213,"Ice","General","ice-inbox","CLOSED","FIXED","Plugins missing provider and valid plugin name on Installation Details Page","2015-08-11 11:46:41"
469214,"Ice","General","ice-inbox","CLOSED","FIXED","Errors when trying to use Install New Software","2015-08-11 11:47:24"
470411,"Ice","Core","ice-inbox","CLOSED","FIXED","Materials database and reflectivity add dialog need sorting and text filter","2015-06-22 14:50:58"
470608,"Ice","General","ice-inbox","CLOSED","WORKSFORME","Item Viewer delete Item button not working on Linux","2015-06-19 11:23:03"
470833,"Ice","Core","ice-inbox","CLOSED","FIXED","CoreConnectDialog port field logical ORs two identical binary values","2015-07-23 17:26:43"
470835,"Ice","Core","ice-inbox","CLOSED","FIXED","ToolItemManagerListener uses bitwise OR instead of Boolean OR","2015-07-23 17:28:18"
471356,"Ice","Core","ice-inbox","CLOSED","FIXED","Need a client for connecting to a Paraview server","2015-07-24 11:40:53"
474746,"Ice","General","ice-inbox","CLOSED","FIXED","ICE Slow to start, persistence broken after restarting when BatML Model has been persisted","2015-11-09 23:06:34"
474931,"Ice","Core","ice-inbox","CLOSED","FIXED","Nek5000 Model Builder - parameters in form not updated after example selection","2015-09-15 15:39:02"
481464,"Ice","General","ice-inbox","CLOSED","FIXED","Python script fails to unpack .dmg files on Mavericks OS (10.9.5)","2015-12-14 13:44:44"
482140,"Ice","General","ice-inbox","CLOSED","FIXED","In the Visualization perspective, Visit Plot Viewer '+' button is inactive","2015-12-14 14:42:34"
527148,"Ice","General","ice-inbox","CLOSED","INVALID","test bug1","2017-11-11 08:23:58"
527149,"Ice","Website","ice-inbox","CLOSED","INVALID","test bug 2","2017-11-11 08:26:46"
467263,"Ice","Core","jayjaybillings","CLOSED","FIXED","Viz refactor: NPE when clicking on MOOSE block","2015-05-15 18:31:35"
467265,"Ice","Core","jayjaybillings","CLOSED","FIXED","Viz refactor: MOOSE Model Builder using ICEFormEditor instead of MOOSEFormEditor","2015-05-15 18:26:27"
467267,"Ice","Core","jayjaybillings","CLOSED","FIXED","Viz refactor: NPE when clicking on ""VisIt"" in preferences","2015-05-15 18:16:50"
469185,"Ice","Core","jayjaybillings","CLOSED","FIXED","Eclipse Marketplace is broken","2015-06-04 08:24:39"
469296,"Ice","Core","jayjaybillings","CLOSED","FIXED","Nattable code for the ListComponent needs its own class and tests","2015-06-22 14:55:10"
470405,"Ice","Core","jayjaybillings","CLOSED","FIXED","Reflectivity model has strange visual bugs","2015-06-22 14:48:10"
470407,"Ice","Core","jayjaybillings","CLOSED","FIXED","Reflectivity delete button inoperable","2015-06-22 14:51:59"
470409,"Ice","Core","jayjaybillings","CLOSED","FIXED","Need to convert materials database property inspector to NatTable","2015-06-22 14:52:21"
470412,"Ice","Core","jayjaybillings","CLOSED","FIXED","Materials database buttons need implementation","2015-06-22 14:51:41"
470600,"Ice","Core","jayjaybillings","CLOSED","FIXED","MaterialStack equals does not work properly","2015-06-22 14:56:02"
478449,"Ice","General","jayjaybillings","CLOSED","FIXED","Reflectivity Model broken","2015-10-28 16:45:33"
479281,"Ice","Core","jayjaybillings","CLOSED","INVALID","Developer toolbar menu missing on Linux","2015-10-08 15:23:50"
481356,"Ice","Core","jayjaybillings","CLOSED","FIXED","Client disconnected from ICEFormEditor Updates on ICE XML File Load","2015-11-12 16:28:10"
451052,"Ice","Core","jordan.deyton","CLOSED","FIXED","MOOSE Launcher throws pre-disposed widget error when trying to launch with no input file","2015-04-20 17:50:09"
452354,"Ice","Core","jordan.deyton","CLOSED","FIXED","ReactorAnalyzer not loading, missing JME libraries","2014-11-19 15:22:40"
454640,"Ice","General","jordan.deyton","CLOSED","FIXED","NullPointerException when rendering EntryComposite","2014-12-11 14:56:53"
455367,"Ice","Core","jordan.deyton","CLOSED","FIXED","MOOSEModel Plant View not rendering until components are re-set as active","2015-01-06 16:25:18"
456842,"Ice","General","jordan.deyton","CLOSED","FIXED","Plant - Initial focus with disabled view controls","2015-01-13 16:52:09"
457299,"Ice","Core","jordan.deyton","CLOSED","WORKSFORME","AnalysisToolCompositeTester throwing WidgetNotFoundException","2015-01-13 17:25:33"
457366,"Ice","Core","jordan.deyton","CLOSED","FIXED","VisItVizService - Implement a visualization service powered by VisIt","2015-07-24 12:33:48"
457367,"Ice","Core","jordan.deyton","CLOSED","FIXED","MOOSE Model Builder - Add a view of the mesh powered by the VisItVizService","2015-04-09 08:40:19"
457372,"Ice","Core","jordan.deyton","CLOSED","FIXED","VisItPlot - findFileInfo() needs to be updated","2015-01-15 15:59:34"
457996,"Ice","Core","jordan.deyton","CLOSED","WORKSFORME","FileEntry does not retain value if new file imported into workspace","2015-04-23 14:30:15"
459695,"Ice","Core","jordan.deyton","CLOSED","FIXED","VisIt: Enable selection and deletion of multiple plots in Plot Viewer","2015-02-18 13:34:22"
459696,"Ice","Core","jordan.deyton","CLOSED","FIXED","VisIt: Change plotting event from single click to double click","2015-02-18 09:54:54"
460033,"Ice","Core","jordan.deyton","CLOSED","FIXED","VisItPlot - Show something useful if the data source URI is invalid","2015-04-21 11:00:57"
460034,"Ice","Core","jordan.deyton","CLOSED","FIXED","VisItVizService - Possible bug when drawing a VisItPlot with no VisIt connection set","2015-02-16 16:55:29"
460035,"Ice","Core","jordan.deyton","CLOSED","FIXED","VisItVizService - NumberFormatException when attempting to connect with no stored VisIt connection preferences","2015-02-16 16:56:04"
460125,"Ice","Core","jordan.deyton","CLOSED","FIXED","MOOSE Model Builder - Updating the mesh file Entry does not update the mesh IPlot","2015-02-17 12:29:43"
464037,"Ice","Core","jordan.deyton","CLOSED","FIXED","MOOSE - Relocate the MOOSE App Selection Widget and Target Input File to MOOSEFormEditor","2015-04-08 14:35:45"
464154,"Ice","Core","jordan.deyton","CLOSED","FIXED","ICEResourcePage - Does not refresh when associated ResourceComponent is changed","2015-04-08 10:08:57"
464167,"Ice","Core","jordan.deyton","CLOSED","FIXED","ICEResourcePage - Multiple ICEResourcePages do not work well together","2015-07-24 12:27:34"
464181,"Ice","Core","jordan.deyton","CLOSED","FIXED","MOOSE - App selection Entry includes field ""MOOSE app...""","2015-04-08 14:06:01"
464182,"Ice","Core","jordan.deyton","CLOSED","FIXED","MOOSE - App selection Entry values are all lowercase","2015-04-08 14:17:03"
464285,"Ice","Core","jordan.deyton","CLOSED","FIXED","ICEResourcePage - Should only sync with ICEResourceView's selection when its ICEFormEditor is active.","2015-04-14 11:08:53"
464524,"Ice","Core","jordan.deyton","CLOSED","FIXED","ICEResourcePage - Drawn plots shown multiple times","2015-04-14 11:03:49"
464616,"Ice","Core","jordan.deyton","CLOSED","FIXED","VisItPlot - Multiple calls to draw(...) with different plot category and type should update the drawn plot's category and type","2015-04-21 10:45:41"
464617,"Ice","Core","jordan.deyton","CLOSED","FIXED","CSVPlot - Multiple calls to draw(...) with different plot category and type should update the drawn plot's category and type","2015-04-16 17:28:47"
464643,"Ice","Core","jordan.deyton","CLOSED","FIXED","PlotProviderTester - Some test methods do not actually test the PlotProvider","2015-04-21 10:40:37"
464834,"Ice","Core","jordan.deyton","CLOSED","FIXED","CSVPlot - Drawn plots need a context Menu for adding and removing series","2015-04-21 10:34:56"
464888,"Ice","Core","jordan.deyton","CLOSED","FIXED","VisItPlot - Drawn plots need a context Menu for setting the plot representation","2015-04-21 10:37:15"
465052,"Ice","Core","jordan.deyton","CLOSED","FIXED","ICEResourcePage and IVizServices - Needs to use Chain of Command or Chain of Responsibility pattern to determine appropriate IVizService","2015-05-21 12:30:58"
465134,"Ice","Core","jordan.deyton","CLOSED","FIXED","CSVPlot - Some added series will not plot","2015-04-22 10:23:20"
465632,"Ice","Core","jordan.deyton","CLOSED","FIXED","Core - Throws lots of NullPointerExceptions","2015-04-28 11:16:34"
466102,"Ice","Core","jordan.deyton","CLOSED","FIXED","ICE Documentation - Add missing licenses","2015-06-18 14:13:55"
466105,"Ice","Core","jordan.deyton","CLOSED","FIXED","ICE Documentation - Remove UML transformation remnants from comments","2015-05-15 15:17:28"
466106,"Ice","Core","jordan.deyton","CLOSED","FIXED","VisItVizService - Connection info is printed to stdout when connection is set","2015-05-01 15:19:23"
469187,"Ice","Core","jordan.deyton","CLOSED","FIXED","Multiple test case failures when installing on Windows","2015-07-06 19:01:43"
470917,"Ice","Core","jordan.deyton","CLOSED","NOT_ECLIPSE","VisIt Plug-ins - The CLI window is back with VisIt 2.9.1 in Windows","2015-07-23 17:52:02"
471166,"Ice","Core","jordan.deyton","CLOSED","FIXED","Visualization Service - TimeSliderComposite needs play button","2015-07-23 17:34:56"
471248,"Ice","Core","jordan.deyton","CLOSED","FIXED","Visualization Service - Adjustable playback rate","2015-07-23 17:34:13"
471749,"Ice","Core","jordan.deyton","CLOSED","FIXED","Visualization Service - TimeSliderComposite loops when playing","2015-07-23 17:34:27"
471750,"Ice","Core","jordan.deyton","CLOSED","FIXED","Visualization Service - TimeSliderComposite needs buttons to skip to first or last timestep","2015-07-23 17:46:53"
472200,"Ice","General","jordan.deyton","CLOSED","FIXED","ParaViewVizService - Needs to support multiple connections simultaneously","2015-07-23 17:06:49"
472201,"Ice","General","jordan.deyton","CLOSED","FIXED","VisItVizService - Needs to support multiple connections simultaneously","2015-07-23 17:11:00"
472210,"Ice","Core","jordan.deyton","CLOSED","FIXED","ParaViewVizService - Implement support for Silo files","2015-07-23 16:33:59"
472212,"Ice","Core","jordan.deyton","CLOSED","FIXED","ParaViewVizService UI - Add a context Menu for selecting what is plotted and how","2015-07-23 16:01:36"
472213,"Ice","Core","jordan.deyton","CLOSED","FIXED","ParaViewVizService UI - Add a time slider widget","2015-07-23 17:38:09"
472214,"Ice","General","jordan.deyton","CLOSED","FIXED","Visualization Service - Hook connections into IProgressMonitor","2015-07-23 16:37:12"
472304,"Ice","General","jordan.deyton","CLOSED","FIXED","Test failures on org.eclipse.ice.viz.service.visit.test","2015-08-17 13:26:02"
473667,"Ice","Core","jordan.deyton","CLOSED","FIXED","ICEResourcePage bug - Cannot create plots","2015-08-05 14:45:00"
474742,"Ice","Core","jordan.deyton","CLOSED","FIXED","Reactor Editor Colors - Needs cleanup and improvement","2015-08-11 17:39:35"
475301,"Ice","Core","jordan.deyton","CLOSED","FIXED","ParaViewVizService bug - Some files do not update with pre-selected features when loaded","2015-08-18 16:44:37"
480697,"Ice","General","kburova","CLOSED","FIXED","Visualization Connection Error Info is wrong","2016-02-10 16:30:17"
480702,"Ice","General","kburova","CLOSED","FIXED","Wrong Wiki information about ""Fork the stork"" button","2015-11-04 17:40:32"
450851,"Ice","Core","tcpatt","CLOSED","FIXED","Latest VisIt Mac binary fails: QtGui library not loaded","2014-12-04 09:15:07"
451056,"Ice","Core","wojtowicza","CLOSED","FIXED","YAML generator doesn't grab files from correct location for local launches","2014-11-12 14:02:30"
454804,"Ice","Website","wojtowicza","CLOSED","FIXED","Visualizing Output in ICE article","2015-05-11 11:55:59"
455271,"Ice","Core","wojtowicza","CLOSED","FIXED","CSVDataLoader ""feature"" parsing breaks on RELAP-7 postprocessing data","2014-12-16 16:36:38"
457277,"Ice","Core","wojtowicza","CLOSED","FIXED","Create ResourceHandler for creating ICEResources from files","2015-01-13 11:33:12"
457280,"Ice","Core","wojtowicza","CLOSED","FIXED","Add resource factory methods to Item","2015-01-15 14:29:07"
457281,"Ice","Core","wojtowicza","CLOSED","FIXED","Reimplement ResourceComponent as a subclass of of ListComponent","2015-03-06 11:31:11"
457282,"Ice","Core","wojtowicza","CLOSED","FIXED","Update JobLauncher to use new Item.getResource(...) methods","2015-03-06 11:29:53"
457283,"Ice","Core","wojtowicza","CLOSED","FIXED","Update MOOSEModelBuilder to use Item.getResource(...) methods","2015-03-06 11:29:27"
457490,"Ice","Core","wojtowicza","CLOSED","WONTFIX","Clean up ItemTester by using @BeforeClass","2015-05-19 17:32:49"
457633,"Ice","Core","wojtowicza","CLOSED","FIXED","CSV Plot Viewer throws NullPointerException when creating a plot","2015-01-16 19:07:19"
457638,"Ice","Website","wojtowicza","CLOSED","FIXED","Update Plant View screenshots in MOOSE tutorial","2015-05-11 12:04:25"
458001,"Ice","Core","wojtowicza","CLOSED","FIXED","JobLauncher not downloading files created remotely at end of execution","2015-02-11 15:11:04"
458063,"Ice","Core","wojtowicza","CLOSED","FIXED","Add comment attribute to Entry","2015-03-10 16:32:00"
458988,"Ice","Core","wojtowicza","CLOSED","FIXED","Convert Mesh file on MOOSE Model Builder to FileEntry and expose Mesh Block on Form","2015-03-06 15:17:39"
459069,"Ice","Core","wojtowicza","CLOSED","FIXED","ResourceComponent not marshaling List data correctly","2015-02-03 17:41:00"
459684,"Ice","Core","wojtowicza","CLOSED","FIXED","Postprocessing: Re-opened Launcher CSV resources not plotting","2015-02-20 16:36:54"
459687,"Ice","Core","wojtowicza","CLOSED","FIXED","Postprocessing: Resources view cannot display *.i files","2015-03-06 11:28:13"
459690,"Ice","Core","wojtowicza","CLOSED","FIXED","MOOSE Model: Comment out unselected subblock TreeComposites","2015-04-16 18:45:51"
459692,"Ice","Core","wojtowicza","CLOSED","FIXED","MOOSE Model: Set Mesh block type when a mesh file is specificied","2015-04-14 18:55:39"
459693,"Ice","Core","wojtowicza","CLOSED","FIXED","MOOSE Model: Comment out mesh file parameter for non-file mesh types","2015-04-16 11:56:40"
459707,"Ice","Core","wojtowicza","CLOSED","FIXED","Postprocessing: ICEResourcePage sometimes causes SWTException when plotting CSV files","2015-02-12 18:59:33"
464646,"Ice","Core","wojtowicza","CLOSED","FIXED","MOOSE Model: Need clearer way to load YAML/input and populate TreeViewer","2015-05-01 18:35:19"
465726,"Ice","Core","wojtowicza","CLOSED","FIXED","MOOSE Launcher not uploading all files","2015-05-05 12:15:04"
465727,"Ice","Core","wojtowicza","CLOSED","FIXED","MOOSEFileHandler reader sometimes called twice when importing input file","2015-05-05 12:16:05"
465997,"Ice","Core","wojtowicza","CLOSED","FIXED","MOOSE Launcher: MOOSEFileHandler and DataComponentComposite updates not in sync","2015-05-05 12:17:08"
467285,"Ice","Core","wojtowicza","CLOSED","WONTFIX","Something overriding messages posted to MessageManager","2015-05-18 10:11:53"
467288,"Ice","Core","wojtowicza","CLOSED","FIXED","EntryComposites re-decorating themselves when values haven't changed","2015-05-14 14:28:26"
467357,"Ice","Core","wojtowicza","CLOSED","FIXED","EntryComposite decorations don't always show when importing via file Entries","2015-05-18 17:12:32"